start	end	text
0	3860	Добрый день, уважаемые студенты.
4000	10820	Тема сегодняшней лекции – это политические строи Соединенного Королевства Великобритании и Северной Ирландии.
12320	16340	В этой теме мы должны с вами рассмотреть пять вопросов.
16480	19040	Первый вопрос – общие сведения о политическом строе.
19700	24220	Второй вопрос – политическое устройство Уэльса, Шотландии и Ирландии, Северной Ирландии.
24800	28120	Третий вопрос – парламент, правительство и его функции и полномочия.
28120	37460	В четвертом вопросе мы рассмотрим исполнительную власть и поговорим о том, кто составляет кабинет министров.
38040	42960	И пятый заключительный вопрос – это законодательная власть, Палата общин и Палата лордов.
43520	47860	Итак, приступаем к первому вопросу – общие сведения о политическом строе.
48360	52660	Британское право состоит из общего права, писаного права и конвенций.
52660	59260	Конвенции – это правила и обычаи, которые не имеют законной силы, но считаются абсолютно необходимыми в работе правительства.
59740	68080	Многие из конвенций остались после исторических событий, повлиявших на формирование современной системы правительства.
68680	71980	Королева – глава государства и важный символ национального единства.
71980	83520	Она является главой исполнительной власти, неотъемлемой частью законодательной власти, главой судебной власти, главнокомандующим всех королевских вооруженных сил и высшим правительством английской церкви.
84200	86980	Королева действует по советам ее министров.
87840	91620	В Великобритании управляется правительством ее величества во имя королевы.
91620	104640	Что касается международных отношений, то королева, как глава государства, имеет право объявлять войну и заключать перемирие, признавать страны и их правительство, заключать договор с этими странами, присоединять или отдавать территории.
105140	111040	Парламент состоит из трех частей – королевы, палаты лордов и выборной палаты общин.
111040	114720	Для прохождения закона необходимо согласие всех трех сторон.
115220	121820	Так как не существует конституция, ограничивающая законодательную власть парламента, он может принять или изменить любой закон.
122680	128980	Также парламент может продлить свой срок действия за пределы обычного, без согласия народа.
129140	131040	Однако на практике парламент так не поступает.
132120	135680	Законность акта, принятого парламентом, не может обсуждаться в судах.
135820	139340	Палата общин несет ответственность за принятые законы перед народом.
139340	144300	И в 20 веке палата лордов признала, что палата общин имеет над ней превосходство.
144840	151980	Система партии в правительстве предназначена для того, чтобы парламент создавал законы, оглядываясь на выбравший его народ.
152380	158500	Максимальный срок действия парламента – пять лет, но на практике общие выборы проводятся до конца срока.
159080	163760	Срок действия парламента был продлен лишь дважды – в Первую и Вторую мировую войны.
163760	173560	Что касается второго вопроса политического устройства Уэлса Шотландии и Ирландии, то начнем мы с устройства Уэлса.
173560	181960	Законодательным органом является Национальное собрание Уэлса, которое состоит из 60 членов Национального собрания,
183640	189000	одного из которых это собрание избирает председателем Национального собрания,
189800	193620	одного – заместителем председателя Национального собрания.
194220	200920	Председателя Национального собрания и представители всех фракций образуют комиссию Национального собрания Уэлса.
201460	211880	Исполнительным органом является правительство Уэллса, состоящее из первого министра и заместителя первого министра Уэллса, а также семи министров.
212380	222320	Уэллс состоит из областей, области и сообществ, представительным органом сообщества является совет сообщества, исполнительным органом является мэр.
223660	229780	Что касается Шотландии, то это одна из самых независимых стран Соединенного Королевства.
229780	237000	Там существует собственный однопалатный парламент, хотя в британском парламенте также есть шотландские представители.
237560	241200	Парламент Шотландии – однопалатный законодательный орган.
241860	247060	Возникновение парламента в Шотландском королевстве относится к XIII веку.
247060	260640	В 1707 году, после объединения Англии и Шотландии в Единое Королевство и Великобританию, парламент прекратил свое существование и был восстановлен лишь в 1999 году.
261320	275100	В средние века Королевский совет епископов и графов постепенно эволюционировал в парламент, сначала став коллоквиумом в 1235 году, который уже имел политическое и юридическое значение.
275100	291320	А с 1326 года однопалатное собрание трех сословий, в котором заседали священники, землевладельцы и представители городов, обладало властью в сфере налогообложения и серьезным влиянием на законодательство, судебную систему, внешнюю политику и военные дела.
291820	299460	Три сословия избирали комитет статей, разрабатывающий законы, которые затем представляли палате на утверждение.
299460	314660	После реформации в 1567 году католическое духовенство было исключено из парламента под давлением церкви Шотландии, а после упразднения в 1638 году епископата парламент стал полностью светским собранием.
314660	330840	Во время правления Якова VI и Карла I парламент попал под сильное влияние короны, его созывы стали эпизодическими, королевская власть, манипулируя системой выборов и порядком заседаний, пыталась превратить палату в послушный инструмент абсолютистской политики короля.
330840	342540	Но восстановление в Шотландии в 1637 года и победа шотландцев над королевскими войсками позволили парламенту сконцентрировать в своих руках всю полноту власти в Шотландии.
342740	356700	После того, как в страну вторглись войска Оливера Кромвеля, его республиканское правительство в 1657 году установило непродолжительную англо-шотландскую парламентскую унию.
356700	364140	Шотландский парламент был восстановлен после возвращения Карла II на трон, и это случилось в 1660 году.
364140	375260	Славная революция 1688 года ликвидировала систему королевского патронажа над парламентом и обеспечила свободу выборов и обсуждение законопроекта.
375880	386140	В 1707 году парламенты Шотландии и Англии приняли акт о бунии, в соответствии с которым оба британских государства объединялись в королевство Великобритании и создавался единый парламент.
386700	389260	Таким образом, парламент Шотландии был упразднен.
389260	399480	В 1998 году в рамках децентрализации системы управления страной или барийским правительством Антони Блэра парламент Шотландии был восстановлен.
399600	409180	Ему были делегированы определенные полномочия в сфере местного самоуправления, образования, здравоохранения, охраны окружающей среды, сельского хозяйства и транспорта.
409620	414980	В компетенцию современного парламента Шотландии входят вопросы, делегированные ему парламентом Великобритании.
414980	432300	Сфера ведения Шотландии как особого региона Соединенного Королевства включает в себя вопросы образования, здравоохранения, сельского хозяйства, охраны окружающей среды, транспорта, туризма, организации местных органов власти и самоуправления, а также юстиции.
432300	438440	В этих сферах парламент обладает правом издания законов, обязательных к исполнению на территории Шотландии.
438860	446740	Кроме того, в компетенцию шотландского парламента входят также некоторые аспекты налоговой системы и контроль за органами исполнительной власти.
447820	459480	Внешняя политика, вооруженные силы, система безопасности, экономическая и социальная политика, а также государственная служба энергетика относятся к исключительной компетенции парламента Великобритании.
459480	466720	Парламент Шотландии избирает первого министра шотландского правительства, а также имеет право избирать и прочих членов правительства.
468120	474280	В настоящее время в парламенте Шотландии 129 депутатов, которые представляют следующие партии.
474540	485480	Либористская партия Шотландии – это 22 места, Шотландская национальная партия – 64 места, Шотландское отделение консервативной партии Великобритании – 31 места,
485480	492360	Либерально-демократическая партия Великобритании – 4, Шотландская партия «Зеленых» имеет 8 мест.
492880	497520	Депутаты парламента избирают председателя или спикера.
497780	506300	В настоящее время спикером парламента Шотландии является Элисон Джонсон с мая 2021 года.
506820	509980	Это вторая женщина, которая занимает такой пост.
509980	515180	Парламент Шотландии избирается по смешанной избирательной системе.
515640	519840	Заседание парламента Шотландии проходит в новом здании парламента в Эдинбурге,
520320	526280	которое было построено в 2004 году по проекту каталонского архитектора Энрике Миралеса.
526880	530300	Листообразные здания парламента и его флигель с травяными крышами
530300	533700	оригинально вписываются в окружающий парковый ансамбль.
533700	540700	Огромные затраты на строительство здания парламента вызвали в свое время значительную критику в шотландском обществе.
542060	550140	Что касается Северной Ирландии и ее политического устройства, то можно сказать следующее.
550440	555940	С 1920 года Северная Ирландия управлялась в соответствии с Актом о правительстве Ирландии.
555940	561620	Актом предусматривалась существенная степень автономии для Североирландского парламента,
562120	567400	оставлявшая за британским парламентом вопросы, связанные с обороной, внешней политикой,
567480	573540	обеспечением королевской семьи, навигацией, почтой, верховным судопроизводством и некоторыми налогами.
574080	580940	Парламент Северной Ирландии, заседавший в Сторманте, состоял из Сената, Палаты, Общины, Губернатора,
581060	583780	который является представителем британского монарха.
583780	592180	Однако в 1972 году правительство Великобритании назначило перерыв в деятельности Североирландского парламента.
592440	598420	Законодательная власть перешла к британскому парламенту, а исполнительная – к министру по делам Северной Ирландии,
598840	600720	который являлся членом кабинета.
601260	608400	По белью о Конституции Северной Ирландии 1973 года система правления страной была реорганизована.
608400	616980	Была учреждена ассамблея и 78 членов, избираемых на 4 года всеми гражданами, которые достигли 18 лет.
617660	623260	Система пропорционального представительства обеспечивала католическому меньшинству справедливое число мест.
623820	630660	Ассамблея обладала ограниченными правами, а вопросы, связанные с внешней политикой, вооруженными силами, выборами и льготами,
630660	636720	а также некоторыми налогами и обеспечением закона и порядка были оставлены за парламентом.
637040	643540	Исполнительную власть осуществлял кабинет, члены которого, включая премьер-министра, избирались из членов ассамблеи
643540	645900	и должны были отражать его политическое лицо.
646500	652580	В мае 1974 года, после всеобщей забастовки, объявленной протестантскими экстремистами,
653140	655860	умеренно коалиционный кабинет подал в отставку.
655860	661880	Работа ассамблеи была приостановлена и в силу вступил режим прямого правления Великобритании.
662400	669640	В 1975 году был избран конституционный конвент, распущенный в 1976 году.
670640	681720	В 1982 году консультативная ассамблея была создана и распущена в 1986 году.
681720	685940	Все это время продолжала действовать система прямого правления.
685940	692280	Что касается политических организаций, то наиболее влиятельной политической партией в Северной Ирландии
692280	698320	является Ольстерская юнионистская партия, состоящая главным образом из протестантов,
698400	704520	которая поддерживает союз с Соединенным Королевством и которая связана с консервативной партией Великобритании.
704520	711760	Юнионисты распались на несколько фракций в течение прошлого столетия, в 70-х годах.
712080	718420	Наиболее важной является Ольстерская, как я сказала, партия и более радикальная демократическая юнионистская партия.
719160	724900	Социал-демократическая и либористская партия, которая выступает за объединение Северной Ирландии с Ирландской республикой,
725360	730960	через механизм народного согласия является ведущей политической организацией католического меньшинства.
730960	737280	Партия Альянса – это умеренная центристская группа, поддерживающая союз с Великобританией
737280	741260	и выступающая против католического и протестантского экстремизма.
742060	746540	Воинственную оппозиционную союзу с Великобританией в рамках католического сообщества
746540	750600	представляет главным образом Ирландская республиканская армия.
751000	756980	Подпольное движение, состоящее из двух фракций – левой официальной Ирландской республиканской армии,
756980	762680	и занимающей более националистические позиции – Временной Ирландской армии.
763200	767980	С Временной Ирландской армией связана партия Шинфейн.
768820	777820	В 1974 году от официальной Ирландской армии откололась Ирландская республиканская социалистическая партия.
777820	785160	Наиболее важной протестантской организацией в Северной Ирландии является полуподпольный орден оранжистов,
785280	792280	который основан в 1795 году и который выступает в поддержку союза.
792480	796840	Орден традиционно играет очень важную роль в политической и экономической жизни страны.
796840	803960	Подпольные протестантские организации включают Ольстерские добровольческие силы и Ольстерскую оборонную ассоциацию.
803960	811620	Подпольные организации – католические и протестантские – проводят военные операции друг против друга и против британских властей.
812460	823460	С 1969 года по 1994 год в ходе гражданских беспорядков в Северной Ирландии погибло около 3000 человек.
823720	832460	Что касается местного управления в этой части, то в 1972 году британский парламент принял закон о реорганизации.
832460	835940	Северо-Ирландской структуре местного управления.
836360	848020	Графства были упразднены в качестве административных единиц, а система советов графства заменена советами 26 округов, которые формируются на выборной основе.
849480	855740	Судебно-правовая система находится под юрисдикцией британского правительства.
855740	862800	Верховный суд Северной Ирландии состоит из апелляционного суда, коронного суда и высокого суда правосудия.
863280	876320	Мелкие правонарушения разбираются местными магистратами, более серьезные судом графства и судьями высокого суда, которые заседают под именем коронного суда.
876320	884580	Следующий вопрос, который мы должны рассмотреть, это парламент, правительство, его функции и полномочия.
884580	897440	Британский парламент является классическим примером так называемой вестминстерской модели и состоит из двух палат – палаты общин и палаты лордов, а также является его составной частью анарха.
897440	904080	Палата общин избирается сроком на пять лет на основе мажоритарной системы относительного большинства.
905480	907800	Председатель палаты общин именуется спикером.
907920	913760	Он избирается палатой из числа своих членов по результатам согласования между правящей и оппозиционной партией.
914120	918580	Кандидатура спикера одобряется монархом, но это в большей степени символический акт.
918580	929500	Спикер формально избирается на срок полномочий палаты, но если он остается депутатом после новых парламентских выборов, то депутаты по традиции переизбирают спикера на новый срок.
930040	937080	Спикер имеет полномочия как по представлению палаты общин вовне, так и по руководству работы палаты.
937400	940780	В последней сфере он обладает особенно существенными полномочиями.
941180	946680	В частности, определяет вид законопроекта, что влияет на процедуру его прохождения.
946680	953120	Способ голосования, наличие оснований для прекращения премий назначают председатели постоянных комитетов.
953460	959000	Спикер палаты общин не участвует в дебатах, он обязан вести себя политически беспристрастно.
959500	962820	Ему даже не представлено право голосовать и участвовать в дебатах.
963120	968400	Однако при равенстве голосов депутатов он обязан проголосовать, и тогда его голос становится решающим.
969200	974060	Другими ответственными должностными лицами палаты общин являются заместители спикера.
974060	975820	Один из них первый.
976500	986100	А лидер палаты общин и клерк, должностное лицо, не являющееся парламентарием, назначается монархом без ограничения срока полномочия.
986580	987200	Полномочий.
987340	993660	Клерк руководит аппаратом палаты и является советником спикера по вопросам процедуры и парламентских привилегий.
994220	996320	Порядок в палате общин поддерживает пристав.
996620	999460	Коллегиальный руководящий орган в палате не создается.
999460	1011460	В то же время создается комитет палаты общин в составе спикера, лидера палаты, члена палаты, назначенного лидером оппозиции, трех членов палаты, не являющихся министрами.
1012620	1019600	Комитет палаты общин назначает персонал служб палаты, устанавливает их заработную плату, осуществляет надзор за работой служащих.
1020180	1023520	В палате общин возможно создание постоянных и временных комитетов.
1023520	1036200	К постоянным комитетам относятся создаваемые палаты, специализированные по отраслям и функциям управления и не специализированные, обозначаются лидерами ABC и так далее.
1036360	1037280	Всего их восемь.
1037540	1042520	В основном имеют функции работы с законопроектами без их отраслевой привязки.
1042520	1053620	К постоянным можно также отнести сессионные комитеты, формально создаваемые в начале каждой сессии палаты, на время до ее завершения для решения вопросов организации работы.
1054480	1061320	Но воссоздаваемые на каждую новую сессию в прежнем виде, поэтому они реально не временные, а постоянные.
1062040	1065560	Временные комитеты создаются для рассмотрения отдельных вопросов.
1065560	1078560	Среди них выделяются такие комитеты обеих палат парламента, формируемые из их представителей и создаваемые для рассмотрения неполитических вопросов и некоторых законопроектов.
1079800	1088560	Временными комитетами можно также назвать комитеты всей палаты, которые представляют собой палату общин в полном составе.
1088560	1101520	Эта форма работы палаты общин используется при обсуждении значимых, в основном финансовых вопросов, законопроектов для упрощения традиционной процедуры.
1102160	1107560	Заседание проводится под председательством не спикера, а специального временного председателя.
1109260	1111840	Палата лордов пока имеет членов четырех видов.
1111840	1126020	Два из них занимают место в палате лордов по должности – это духовные лорды, высшие иерархии Англиканской Церкви, судебные лорды, их 12, и они назначаются для выполнения судебных функций палаты.
1126560	1132660	Есть категория наследственных лордов-перов, в последнее время их число было законодательно сокращено,
1132660	1142500	а также пожизненных лордов, назначаемых монархом по рекомендации прендер-министра за заслуги перед Великобританией.
1142940	1151500	По закону, одобренному палатой общин в 2000 году, палата лордов вскоре вообще не будет включать наследственных перов.
1151820	1154040	То есть на самом деле это так сейчас и происходит.
1154040	1167900	Сейчас действует закон о епископате 1878 года, который устанавливает список из 26 духовных лордов, членов палаты лордов.
1168200	1173100	Реформа палаты лордов, проведенная одноименным законом в 1999 году,
1173620	1179360	исключила из членов Верхней палаты Вестминстерского парламента наследственных лордов, о чем я уже сказала.
1179360	1188920	На переходный период в палате пожизненно оставлены 92 из 758 наследственных лордов.
1190140	1193000	То есть произошло значительное сокращение.
1193680	1202520	Во главе палаты лордов стоит лорд-канцлер, входящий в состав правительства и назначаемый монархом по предложению премьер-министра сроком на 5 лет.
1203140	1208740	Возможности по принятию единоличных решений по организации работы палаты у него меньше, чем у спикера.
1209360	1212480	Его полномочия лежат скорее в сфере судебной власти.
1213280	1218600	Лорд-канцлер является главным советником правительства по вопросам правосудия,
1219020	1223200	возглавляет судебную власть, является председателем высших судебных органов,
1223660	1226000	играют важную роль при назначении судей.
1226440	1228920	У лорда-канцлера имеются два заместителя.
1228920	1237100	Однако в 2003 году правительство приняло решение ликвидировать в ближайшем будущем существующую должность
1237100	1244040	и принять закон о подчереждении нового института для осуществления функций на невыполняемых лорд-канцлером.
1244760	1249340	Кроме того, вновь назначенный в 2003 году лорд-канцлер выступил с заявлением,
1249500	1252300	что как судья он не будет заседать в палате лордов,
1252300	1258420	а также не будет исполнять обязанности государственного секретаря по конституционным делам
1258420	1262320	и таким образом перестанет совмещать должности судьи и министра.
1262960	1265580	Новый государственный секретарь по конституционным делам
1265580	1270980	не будет в дальнейшем председательствовать в Верхней Палате Парламента.
1271760	1273980	Предусматривается должность лидера Палаты.
1274240	1277920	Им является представитель, победивший на выборах Палату общин партии,
1278000	1280560	даже если в Палате лордов у нее меньшинство.
1280560	1284260	Он наделен отдельными организационными полномочиями.
1284720	1286680	В Палате лордов, как и в Палате общин,
1287060	1289700	предусматривается должность клерка примерно с таким же,
1289860	1291380	как и в Палате общин, статусом.
1292080	1294840	Палата лордов создает комитеты по отдельным проблемам,
1295100	1297200	например, Комитет по науке и технологиям,
1297620	1301340	Комитет по вопросам Европейского Союза и другие.
1301980	1306240	Такие комитеты могут действовать как постоянно, так и временно.
1306240	1310820	Возможно, образование обеими палатами совместных комитетов
1310820	1315780	по рассмотрению вопросов, которые находятся в ведении обеих палат.
1316100	1318480	В обеих палатах могут создаваться фракции,
1318660	1321480	однако в Палате лордов они не имеют реального веса.
1322060	1325600	Для фракции Палаты общин характерно наличие кнутов,
1326000	1328600	назначенных партийным руководством лиц,
1328660	1330460	которые обеспечивают, как уже отмечалось,
1330580	1334840	голосование и поведение членов фракции в интересах партии.
1334840	1339640	Основное полномочие парламента – это законодательственные.
1340180	1343860	Полномочия парламента по принятию законов фактически не ограничены.
1344360	1347980	Он может принять закон почти по любому вопросу,
1348060	1352480	однако в последние годы сам предпочитает делегировать полномочия
1352480	1353760	в этой сфере правительству.
1354260	1357840	Возможности парламента по решению законом любого по существу вопроса
1358480	1361160	подтверждаются тем, что законопроекты или БИЛИ,
1361160	1364100	как их называют принимаемые в парламенте,
1364140	1368620	могут быть публичными, призванными регулировать отношения,
1368760	1370240	представляющие общий интерес,
1370520	1374160	и частными, которые затрагивают интересы определенных лиц,
1374560	1376020	группы лиц или территории.
1376460	1379600	Иногда выделяют смешанные ВИЛИ, объединяющие эти признаки.
1380460	1382480	Нужно заметить, что законы Великобритании
1382480	1385540	могут не только собственно регулировать общественные отношения,
1385540	1389120	но и определять направление политики правительства
1389120	1391120	и решать конкретные вопросы.
1391820	1395300	БИЛИ могут носиться в любую палату парламента,
1395400	1397100	кроме финансовых законопроектов,
1397200	1398860	носимых только в палату общин.
1399300	1402440	На самом деле рассмотрение всегда начинается в палате общин.
1402900	1405560	Там БИЛИ принимаются, как правило, в трех чтениях.
1405980	1407780	Закон принимается большинством голосов,
1407900	1409860	после чего направляется в палату лордов,
1410240	1413740	которая может согласиться или не согласиться с палатой общин.
1413740	1416780	В случае несогласия может быть выработан и принят
1416780	1419240	компромиссный вариант закона.
1419520	1422320	Если согласия и таким образом достичь не удастся,
1422480	1425960	то вступление в силу закона откладывается на один год.
1426540	1430220	По прошествии года палата общин может принять закон в той же редакции,
1430320	1431360	и он вступит в силу.
1431900	1434280	Вступление в силу законов по финансовым вопросам
1434280	1436300	откладывается только на один месяц,
1436420	1438660	причем их повторного принятия не требуется.
1439300	1441500	Если обе палаты принимают закон,
1441500	1446000	он направляется в монарху и после его подписи и опубликования
1446000	1448460	обретает юридическую силу.
1448880	1451240	В последние годы получило развитие делегирования
1451240	1453600	законодательных полномочий правительству.
1454500	1456520	У палат есть и контрольные полномочия.
1456860	1460000	В абсолютном большинстве они сосредоточены в палате общин.
1460480	1463220	Правительство подконтрольно этой палате.
1463860	1465260	Контроль осуществляется, во-первых,
1465360	1468040	посредством устных и письменных вопросов депутатов,
1468040	1469700	на которые должен быть дан ответ.
1470420	1473320	Во-вторых, через специализированные или временные,
1473480	1475220	специально созданные комитеты.
1476400	1480440	И в-третьих, путем выражения сожаления о политике правительства.
1480560	1483220	Это более мягкая формула, чем выражение недоверия.
1483900	1486160	Кроме того, контроль может быть осуществлен с помощью
1486160	1487900	специальных должностных лиц.
1488620	1491140	Парламентского комиссара по делам администрации
1491140	1493280	и генерального аудитора.
1494060	1495900	Высшим проявлением контрольных полномочий
1495900	1497640	является вынесение недоверия
1497640	1500200	либо отказ в доверии правительству.
1501100	1502940	Контрольная полномочия палаты лордов
1502940	1504320	осуществляется в форме
1504320	1506880	вопросов министрам правительства
1506880	1509000	и создания временных комитетов
1509000	1510980	для изучения соответствующих проблем.
1511860	1514660	Палата лордов также обладает судебными полномочиями
1514660	1517580	и статусом высшего судебного органа в стране.
1517580	1520340	Процедура деятельности британского парламента
1520340	1521900	имеет ряд особенностей.
1522080	1524620	Во-первых, отсутствуют регламенты работы палат
1524620	1526280	как единые писанные акты.
1526880	1528860	Порядок работы определяется в основном
1528860	1531340	обычаями и парламентскими традициями.
1532020	1534520	Во-вторых, очень низок форум.
1535000	1536800	40 человек для палаты общин
1536800	1538820	и 3 человека для палаты лордов.
1539120	1541620	В-третьих, голосование, как правило, открытое,
1541620	1544180	причем применяются такие его способы,
1544400	1547340	как разделение и акламация.
1547580	1549420	Разделение, когда парламентарий
1549420	1550780	выходит через разные двери,
1550860	1553660	в зависимости от поддерживаемой ими решения.
1554240	1556340	И акламация – это решение,
1556860	1559040	которое принимается в зависимости
1559040	1561540	от громкости криков сторонников
1561540	1562900	того или иного варианта.
1563580	1566060	В-четвертых, развита система ограничения премий.
1566340	1567940	С целью обеспечения эффективности
1567940	1569960	законодательного процесса в парламенте
1569960	1574020	применяются различные способы ограничения премий.
1574020	1575860	Или атина, кенгуру.
1576300	1578020	Или простое прекращение дебатов
1578020	1580900	по требованию ста парламентариев и ряд других.
1581540	1583180	Наконец, вся процедура деятельности
1583180	1585680	палаты общин, даже своеобразная рассадка
1585680	1587480	парламентариев друг напротив друга,
1588140	1589960	отражает наличие правящей
1589960	1591700	и оппозиционных партий
1591700	1594040	и построена вокруг такой расстановки сил.
1594480	1596320	Формально монарх имеет фактически
1596320	1598820	неограниченное право распуска палаты общин.
1598820	1601280	Однако, в соответствии с обычаями,
1601340	1602480	оно может быть реализовано
1602480	1604460	только по инициативе премьер-министра
1604460	1606340	и только как альтернатива
1606340	1607680	отставке правительства
1607680	1609620	после выражения ему недоверия
1609620	1611340	или отказа в доверии.
1611900	1613720	Статус парламентария характеризуется
1613720	1615180	применительно к палате общин
1615180	1617040	прежде всего свободным мандатом.
1617460	1619100	Однако депутат при голосовании,
1619240	1621580	как правило, связан фракционной принадлежностью.
1622080	1624160	Депутат работает на постоянной основе,
1624280	1625960	получая за работу вознаграждение.
1625960	1628100	Депутатский мандат несовместим
1628100	1629900	с предпринимательской деятельностью,
1630260	1631560	но совместим с занятием
1631560	1632600	ключевых должностей
1632600	1634080	в сфере исполнительной власти.
1635020	1636280	Для британского парламента
1636280	1639340	характерен крайне ограниченный
1639340	1640500	депутатский иммунитет.
1640700	1641440	Он состоит в том,
1641540	1643140	что парламентарий не может быть
1643140	1644640	привлечен к ответственности
1644640	1646640	за выступление в парламенте,
1646640	1647660	но не в другом месте.
1647960	1649440	В иных случаях основанием
1649440	1652380	для начала уголовного процессуальных процедур
1652380	1654240	служит согласие спикера.
1654240	1657260	Следующий вопрос.
1657420	1658540	Исполнительная власть.
1658980	1659900	Кабинет министров.
1660300	1661860	Исполнительная власть Великобритании
1661860	1663460	осуществляется правительством,
1663900	1665660	которое состоит из руководителей
1665660	1667280	министерства иных ведомств,
1667560	1668920	государственных министров,
1669120	1670340	заместителей министров,
1670780	1672160	являющих профессионалами
1672160	1673960	в соответствующей сфере управления
1673960	1675820	и сохраняющих полномочия
1675820	1677980	независимо от смены министров
1677980	1679440	и от того, какая партия
1679440	1680680	формирует правительство,
1680680	1683020	а также парламентских секретарей
1683020	1685780	и ряда других должностных лиц.
1686140	1688400	Правительство возглавляет премьер-министр.
1688740	1690120	Его полномочия вытекают
1690120	1691880	из политических традиций и обычаев,
1692000	1694340	в частности, охватывает отдельные полномочия,
1694800	1696920	относящиеся с формальной точки зрения
1696920	1698400	к прерогативам монарха.
1699160	1701340	Премьер-министр формирует правительство
1701340	1704100	и руководит его деятельностью.
1704620	1706760	Осуществляет контроль за исполнением решений
1706760	1709060	правительства, министерствами и ведомствами.
1709060	1710960	Официально он занимает должность
1710960	1712960	первого лорда казначейства.
1713540	1715240	Благодаря набору своих полномочий
1715240	1718080	он играет ключевую роль.
1718700	1719680	Правительство в целом
1719680	1721120	в силу большей численности
1721120	1722560	фактически не собирается,
1723160	1724700	как единый коллегиальный орган.
1725120	1727800	Поэтому сложилась кабинетная система управления.
1728400	1730480	Кабинет представляет группу министров,
1730840	1733120	определенных премьер-министром,
1733460	1737260	которая принимает коллегиальные решения
1737260	1738920	по наиболее важным вопросам.
1739040	1741160	Обычно это около 20-30 человек.
1741160	1743760	Кабинет выступает от имени правительства в целом.
1744240	1747140	В рамках кабинета создается еще более узкая коллегия,
1747620	1749260	так называемый внутренний кабинет,
1749340	1750960	включающий группу ближайших
1750960	1752580	сподвижников премьер-министра
1752580	1754520	из числа членов кабинета.
1755060	1757300	Какого-либо формального правового статуса
1757300	1759760	внутренний кабинет не имеет.
1760300	1761720	В рамках кабинета министров
1761720	1763600	могут создаваться и другие коллегии
1763600	1765600	для рассмотрения отдельных вопросов,
1766260	1767540	например, вопрос обороны,
1768040	1771160	внешней политики, экономической политики и так далее.
1771780	1773680	Решение о создании таких коллегий
1773680	1775520	принимается премьер-министром.
1776800	1779860	Премьер-министром назначается лидер партии,
1779960	1782020	победивших на выборах в Палату общин.
1782120	1784340	Формально назначение осуществляет монарх.
1784700	1786220	После этого премьер-министры
1786220	1788900	формируют правительство в основном из парламентариев.
1789600	1791600	Кабинет министров вообще может включать
1791600	1793060	только членов парламента,
1793160	1794820	главным образом Палаты общин,
1795140	1796660	но также и Палаты лорда,
1796820	1798600	например, Лорда-канцлера.
1799360	1801020	При этом государственный министр,
1801100	1803300	как профессиональные заместители министров,
1803400	1805500	должны обеспечивать стабильность управления.
1806240	1807940	Правительство уходит в отставку
1807940	1810460	в случае отказа ему Палаты общин,
1810540	1811100	доверии,
1811640	1814220	либо выражения ею недоверия.
1815060	1816820	Однако, если монарх по предложению
1816820	1818820	премьер-министра распустит Палату общин,
1818820	1821080	то отставки правительства не происходят.
1821600	1824260	Функции и полномочия правительства.
1824560	1827120	Основными функциями Кабинета министров
1827120	1830660	являются определение политического курса,
1831140	1833220	выносимого на обсуждение Великобритании
1833220	1836400	и утверждение парламента и реализации этого курса.
1836900	1839520	Кабинет министров возглавляет исполнительную власть,
1839860	1842620	осуществляет координацию деятельности
1842620	1844100	министерств и ведомств.
1844440	1846060	Но помимо функции и полномочий
1846060	1847940	собственно исполнительской власти,
1847940	1852940	к ведению Кабинета относятся функции и полномочий,
1853400	1856520	которые традиционно принадлежат главе государства,
1856960	1859640	которые монарх реально не осуществляет.
1859780	1861500	Например, руководство внешней политики,
1861600	1863600	заключение какого-то договора,
1863600	1865780	они осуществляются премьер-министром.
1865780	1869620	Хотя правительство формально под контроль на Палате общин,
1869700	1871060	на самом деле в силу того,
1871220	1872880	что премьер-министром он является,
1873020	1874340	как правило, лидер партии,
1874400	1876400	обладающей в Палате общин большинством,
1876880	1879600	правительство, имеющее относительно устойчивое
1879600	1880920	парламентское большинство,
1881420	1883360	может проводить через парламент
1883360	1885580	нужные ему решения.
1887580	1892420	Итак, приступаем к заключительному вопросу.
1892640	1894940	Это законодательная власть.
1894940	1898000	Здесь мы будем говорить более подробно
1898000	1901360	еще раз о Палате общин, Палате лордов.
1902740	1903900	Судебная система.
1903980	1905540	Судебная система Великобритании
1905540	1908360	отличается некоторой архаичностью и запутанностью,
1908460	1910580	хотя работает она достаточно эффективно,
1910660	1914820	а также отличается наличием собственных судебных систем
1914820	1918080	в Англии и Уэллсе, отдельно в Шотландии,
1918480	1922700	в Северной Ирландии и на некоторых островных территориях.
1922700	1925360	Для судебной системы Великобритании характерно
1925360	1927600	активное использование и рассмотрение дел
1927600	1929860	с участием присяжных заседателей.
1930560	1932820	Судебная система Англии и Уэллса включает в себя
1932820	1935980	Верховный суд, состоящий из апелляционного суда,
1936460	1938540	Высокого суда и Суда короны.
1938820	1939880	Это высшие суды.
1940400	1944460	Суды магистратов и суды графств являются низшими судами.
1944460	1946680	Это суды общей юрисдикции.
1947280	1949980	Кроме того, есть система административных трибуналов
1949980	1952880	нескольких подвидов в зависимости от отрасли управления.
1953520	1956080	Их разновидностью являются промышленные трибуналы,
1956460	1958240	рассматривающие трудовые споры.
1959020	1962000	Создаются и апелляционные трибуналы для каждого подвида
1962000	1964460	административных трибуналов.
1965400	1966680	Является свой.
1966880	1968460	В системе промышленных трибуналов
1968460	1970680	апелляционный трибунал по трудовым спорам.
1970680	1974420	В Англии и Уэллсе действуют также военные и церковные суды,
1974540	1976680	в компетенцию которых входит, соответственно,
1976780	1979960	рассмотрение дела о правонарушениях военнослужащих
1979960	1982080	и лиц духовного звания.
1982900	1986640	В качестве специализированных действуют суды по делам несовершеннолетних.
1987500	1990520	Апелляционный суд является частью Верховного суда,
1991080	1994800	состоит из двух отделений по гражданским и по уголовным делам.
1995420	1997960	Отделения по гражданским делам рассматривают жалобы
1997960	2002180	на решение Высокого суда, судов, графств, апелляционных трибуналов.
2002880	2005360	Отделения по уголовным делам рассматривают жалобы
2005360	2006640	на решение суда короны.
2007260	2009260	Высокий суд состоит из трех отделений.
2009940	2013040	Канцлерское отделение, отделение Королевской скамьи
2013040	2015020	и отделение по семейным делам.
2015640	2018320	Канцлерское отделение в качестве суда первой инстанции
2018320	2020360	рассматривает отдельные гражданские дела,
2020900	2023920	например, по вопросам банкротства, траста и так далее.
2023920	2027100	В качестве апелляционной инстанции жалобы на некоторые
2027100	2030380	гражданско-правовые решения судов, графств.
2030940	2033540	Отделение Королевской скамьи в качестве суда первой
2033540	2036760	апелляционной инстанции рассматривает гражданские дела,
2036880	2041840	которые связаны с выполнением договоров и причинением вреда,
2041940	2043920	а также некоторой категории уголовных дел.
2044540	2046840	Оно, в свою очередь, состоит из коммерческого суда
2046840	2050060	для рассмотрения торговых споров и адмиралтейского суда
2050060	2054140	для рассмотрения исков о возмещении ущерба в связи с морскими перевозками.
2054740	2057320	Отделение по семейным делам в качестве суда первой
2057320	2060000	апелляционной инстанции рассматривает семейные дела,
2060520	2064120	дела об опеке, усыновлении, усыновлении отцовства
2064120	2066660	и другие подобные вопросы.
2067400	2069980	Суд Короны рассматривает в основном уголовные дела
2069980	2073960	о тяжких преступлениях, а в качестве апелляционной инстанции
2073960	2077640	жалобы от лиц, которые осуждены в судах магистратов.
2077640	2081560	Суды графств рассматривают незначительные гражданские дела.
2082240	2085540	Суды магистратов обладают уголовной гражданской юрисдикцией.
2086000	2088720	К их уголовной юрисдикции относятся рассмотрение дела
2088720	2094180	в незначительных преступлениях, несложные гражданские дела,
2094320	2097980	прежде всего, брачно-семейные, которые касаются взыскания
2097980	2101320	публично-правовых и частно-правовых задолженностей.
2101640	2104620	На нижней ступени судебной лестницы стоят мировые сути,
2104620	2107700	которые могут не иметь юридического образования
2107700	2109900	и работают безвозмездно.
2110340	2113040	Судебная система Шотландии является автономной.
2113500	2115700	Высшими судами является высокий суд.
2117000	2120200	К низшим относятся шерифские районные суды.
2120640	2123640	Высокий суд обладает юрисдикцией по уголовным делам.
2124080	2126660	По первой инстанции высокий суд рассматривает дела
2126660	2128620	о тяжких уголовных преступлениях,
2128920	2130740	в порядке апелляционной юрисдикции,
2130860	2132760	жалобы на приговоры низших судов.
2132760	2136100	Сессионный суд представляет собой высший судебный орган
2136100	2139520	по гражданским делам, который состоит из двух палат –
2139520	2140480	внешний и внутренний.
2141020	2143720	Внешняя палата сессионного суда рассматривает дела
2143720	2147000	по первой инстанции, внутренняя палата – в порядке апелляции.
2147600	2151240	Шерифские суды рассматривают средние по тяжести уголовные дела.
2152120	2154800	Судебная система Северной Ирландии также автономна,
2154880	2159240	но она почти полностью копирует судебную систему Англии и Уэллса,
2159240	2163040	как и судебная система острова Мэн и ряда других островов,
2163420	2166540	находящихся под юрисдикцией Великобритании.
2168160	2171540	В Великобритании имеются высшие судебные органы,
2171780	2174580	юрисдикция которых распространяется на всю территорию Великобритании.
2174580	2179320	Это палата лордов и судебный комитет Тайного совета при монархии.
2179940	2183340	Палата лордов рассматривает жалобы по гражданским и уголовным делам
2183340	2188420	на решение апелляционного суда Высокого суда Англии и Уэллса,
2188500	2193300	Высокого суда Северной Ирландии, Сессионного суда Шотландии.
2193760	2196700	Условия подачи апелляции регулируются законодательством.
2197660	2201080	В настоящее время рассматривается вопрос об учреждении Верховного суда,
2201080	2204040	полностью независимого от палаты лордов.
2204040	2207420	Судебный комитет Тайного совета, как судебный орган,
2207500	2210720	является апелляционной инстанцией относительно церковных судов
2210720	2214320	и высших судов острова Мэн, а также ряда других,
2215280	2218200	находящихся под юрисдикцией Великобритании островов
2218200	2220680	и даже по определенным категориям дел
2220680	2224660	для некоторых независимых островных государств в Карибском море,
2225060	2227480	которое входит в Содружество наций.
2228760	2233560	Разветвленная система судов предопределила разнообразие статуса судей.
2234040	2236600	В высшие суды могут быть назначены юристы,
2237500	2241380	имеют, как правило, весьма существенный опыт работы в качестве адвоката.
2242100	2245660	Назначение осуществляется монархом по представлению лорда-канцлера.
2246160	2248620	Они назначаются без ограничения срока,
2249060	2252720	но пребывание в должности ограничено предельным возрастом –
2252720	2255760	72 или 75 лет, в зависимости от того,
2256240	2258060	судьей какого суда они являются.
2258860	2262060	Лорд-канцлер может освободить их от должности досрочно
2262060	2266220	в случае совершения правонарушения или наступления недееспособности.
2266780	2269580	Для судей апелляционного суда предусмотрено увольнение
2269580	2271780	посредством парламентского импичмента.
2272680	2275880	Рекордеры – это исполняющие обязанности судьи –
2275880	2279340	назначаются временно, на четко определенный срок.
2279820	2281420	Требования к ним не так высоки.
2281960	2285700	При определенном стаже работы рекордер может быть назначен обычным судьей.
2286360	2288940	Судей низших судов назначает лорд-канцлер.
2289400	2292920	Он же может освободить их от должности без объяснения причин.
2292920	2296960	В целом, мировые судьи работают до достижения 70 лет.
2297440	2300580	Палатные магистраты – до достижения 65.
2301420	2305580	Мировые судьи не обязательно должны быть профессиональными юристами.
2306120	2308980	В назначении судей судов Шотландии и Северной Ирландии
2308980	2311840	участвует государственный секретарь по этой территории.
2312660	2316920	Судьи административных трибуналов назначаются с участием соответствующих
2317520	2322320	по отрасли управления, в которой действует трибунал ведомств.
2323640	2328720	Местное самоуправление в административно-территориальных единицах
2328720	2331100	осуществляется в основном по сходной системе,
2331440	2335360	хотя местное самоуправление в Англии, Уэллсе, Шотландии, Северной Ирландии,
2335800	2339480	а также на других территориях отличается определенной спецификой.
2340060	2344180	Население избирает местный совет в небольших по численности поселениях,
2344260	2345260	его заменяет сход.
2345940	2349440	Члены советов или советники работают на непостоянной основе.
2349440	2352140	Основная форма работы совета – это сессия.
2352140	2355380	Совет избирает из своего состава председателя.
2355940	2357680	В городах он именуется мэром.
2358180	2361240	Исполнительные функции выполняют сформированные советом
2361240	2364160	и состоящие из советников и других лиц комитеты.
2364860	2366980	Нет советов в графствах Северной Ирландии
2366980	2369000	и в шести мегаполисах Великобритании,
2369160	2370480	то есть в крупных городах.
2370480	2377160	Также некоторое время не было органов местного самоуправления Большого Лондона.
2377160	2383840	Закон об органах власти Большого Лондона 1999 года
2383840	2386200	учреждает органы управления Большого Лондона.
2386420	2390780	Раздельное и непосредственное избрание на четыре года мэра Лондона и ассамблеи,
2391380	2395060	включая территорию районов Лондона, сети, внутреннего и среднего дворца.
2395860	2399260	Мэр Лондона отвечает за разработку и внедрение стратегий в области транспорта,
2399260	2402480	окружающей среды, экономического развития, культуры,
2402940	2405580	подготовку бюджета для всех городских органов власти.
2405580	2412020	Мэр также назначает некоторых лиц в четырех функциональных департаментах.
2412380	2416580	Ассамблея призвана консультировать, рассматривать и утверждать решения мэра,
2417240	2420180	бюджет города, включая средства функциональных отделов,
2420600	2421940	квалифицированным большинством.
2422440	2428640	Она в то же время проводит расследования по важным для Лондона вопросам и делам.
2429120	2432640	Выборы мэра Лондона проводятся по мажоритарной системе
2432640	2436240	относительного большинства, если есть менее трех кандидатов.
2436660	2439400	Если же на этот пост претендует три и более кандидатов,
2439520	2441860	используется система дополнительного голоса.
2442680	2445080	Ассамблея состоит из 25 депутатов,
2445240	2447540	избирается по системе дополнительного члена.
2448780	2452800	Ассамблеи 14 депутатов избираются по одномандатным округам,
2452900	2455260	которые объединяют два-три района Лондона
2455260	2458940	и установленным этим законом на основании рекомендаций,
2459080	2462740	которые выработаны комиссией по местному управлению Англии
2462740	2466040	по итогам применения акта о референдуме
2466040	2469640	об органах власти Большого Лондона 1998 года.
2470200	2472480	Министр внутренних дел определяет границы
2472480	2474360	и наименование избирательных округов
2474360	2476000	и периодически их пересматривает.
2476780	2479080	Остальные, обозначаемые как члены Лондона,
2479080	2481940	избираются по единому многомандатному округу,
2482160	2483640	который образует Лондон в целом.
2483640	2488080	В ходе выборов депутатов Ассамблеи
2488080	2489960	используется плюральный вотум,
2490080	2492380	то есть избиратель обладает двумя голосами.
2492600	2495000	Одним для избрания депутата-одномандатника,
2495280	2497860	второй для голосования по одному лондонскому
2497860	2501300	многомандатному округу за список политической партии
2501300	2502840	или независимого кандидата.
2504100	2507160	При распределении мест по единому лондонскому округу
2507160	2508880	используется формула Донта
2508880	2512240	для обеспечения наиболее широкого представительства партии.
2512240	2516800	Кандидат не может подвигаться более чем в одном одномандатном округе Лондона.
2517280	2520620	В случае наличия вакансий и мандата депутата,
2520620	2523640	выборы должны проводиться не позднее 35 дней
2523640	2527560	с момента констатации освободившегося места,
2528040	2529620	не считая воскресенья и выходных.
2529960	2534080	Если наличие вакансий и места констатируется за полгода до очередных выборов,
2534500	2536120	они проводятся только в том случае,
2536600	2538940	если в Ассамблее более вакантных мест.
2538940	2542120	Если вакансия образуется среди депутатов от Лондона,
2542540	2544120	избранных по партийным спискам,
2544620	2548660	должностное лицо по выборам в Большом Лондоне
2548660	2552180	может заполнить ее следующим по списку кандидатам.
2552680	2555500	Аналогичные нормы имеются в отношении должности мэра.
2556460	2559320	Временное исполнение его полномочий возлагается на заместителя,
2559980	2562320	вице-мэра или спикера Ассамблеи.
2562320	2567480	Однако, проводимое в связи с присоединением Великобритании
2567480	2569600	к Европейской Харте о местном самоуправлении
2569600	2572120	реформа местного управления призвано допустить,
2572720	2576500	во-первых, самостоятельное определение системы органов местного управления,
2576960	2580820	во-вторых, создание таких органов там, где раньше таковых не было.
2581280	2583720	Так, на основании референдума в Большом Лондоне
2583720	2586260	была создана система органов местного управления,
2586360	2590460	которая включает городское собрание и избираемого населением мэра.
2590460	2594740	Местные органы власти Великобритании осуществляют свои полномочия
2594740	2596740	в пределах определенных парламентом
2596740	2599580	или по поручению парламента правительству.
2600140	2603700	В этом суть доктрины интервирос,
2603940	2606360	ключевой для местного самоуправления Великобритании.
2606940	2609220	Таким образом, каждая территориальная единица
2609220	2611880	имеет свою компетенцию, определяемую законодательно.
2612040	2613840	В Великобритании, в том числе на местах,
2613900	2615780	не создаются государственные органы,
2616180	2619220	которые предназначены для надзора за местным самоуправлением.
2619220	2621880	Такой надзор на практике может осуществляться
2621880	2625560	центральными, отраслевыми и функциональными ведомствами
2625560	2627540	по их направлениям деятельности.
2627640	2629840	Они могут проводить инспекции деятельности
2629840	2631340	на местах в этой сфере,
2631740	2634660	вправе утверждать некоторые акты местных органов власти,
2634800	2636420	в частности по кадровым вопросам.
2636880	2638380	Кроме того, государственные органы
2638380	2640640	могут организовать аудиторскую проверку
2640640	2643160	финансовой деятельности этих органов.
2643160	2647360	Законность актов органов местного самоуправления,
2648400	2651400	включая соблюдение пределов полномочий,
2651500	2653160	контролируется судами.
2654440	2658220	Это все, что касается наших пунктов плана сегодняшней лекции.
2658380	2661420	Еще хотелось бы вкратце сказать о том,
2661500	2664040	коль мы сегодня говорим о политическом устройстве
2664040	2664920	Великобритании,
2665440	2667900	о последних выборах в Британии,
2667900	2672640	которые прошли 12 декабря 2019 года.
2674080	2677340	По их итогам консерваторы получили 365 мест,
2677500	2679360	и в последний раз такое количество мест
2679360	2681560	партии получало 32 года назад,
2682060	2684260	во время прингерства Маргарет Тэтчер.
2684640	2688200	Лейбористы получили 202 голоса,
2688640	2691340	что является самым худшим результатом партии
2691340	2693020	с 1935 года.
2694400	2696620	23 июня, немного предыстории,
2696620	2700020	23 июня 2016 года состоялся референдум
2700020	2702080	относительно членства Великобритании
2702080	2703440	в Европейском Союзе,
2703700	2708520	на котором 51,9% избирателей
2708520	2710360	изъявили желание покинуть ЕС.
2710600	2712400	Пингер-министр Дэвид Кэмерон
2712400	2713820	ушел в отставку,
2714200	2716600	а новым премьер-министром стала Тереза Мэй,
2716960	2718640	которая запустила процесс выхода
2718640	2720420	Великобритании из ЕС.
2720820	2722740	В июне 2017 года
2722740	2724300	прошли досрочные выборы,
2724300	2726480	в результате которых Мэй сохранила за собой
2726480	2727960	пост главы правительства.
2728400	2729880	Однако из-за проблем с Брекситом
2730580	2731720	она также
2731720	2734460	ушла в отставку в мае
2734460	2735880	2019 года.
2736880	2737880	В июле новым лидером
2738440	2739600	консервативной партии
2739600	2741080	был избран Борис Джонсон,
2741500	2742860	который также занял пост
2742860	2743880	премьер-министром.
2744360	2745420	Став премьер-министром,
2745480	2746940	Джонсон трижды предлагал
2746940	2748320	провести досрочные выборы,
2748440	2749400	однако каждый раз
2749400	2751300	Палата общин отказывала ему в этом.
2751300	2754060	В итоге законопроект о распуске парламента
2754060	2755540	и проведении досрочных выборов
2755540	2756420	был предложен
2756420	2757760	либерально-демократической
2757760	2759580	шотландской национальной партиями
2759580	2761200	28 октября.
2761660	2762480	И на следующий день
2762480	2764040	он был одобрен правительством,
2764680	2766620	за исключением дня проведения выборов,
2766760	2767540	так как изначально
2767540	2768660	предлагалось провести
2768660	2769780	и 9 декабря.
2770260	2771820	В итоге они были назначены
2771820	2774460	на 12 декабря.
2774460	2776820	Спасибо за внимание.
2777360	2779460	Следующая наша шестая лекция
2779460	2782480	об экономическом положении
2782480	2783420	Великобритании.
2783420	2813400	Редактор субтитров А.Семкин Корректор А.Егорова
